State_Name,County_Name
Alabama,Bibb County
Alabama,Blount County
Alabama,Calhoun County
Alabama,Chambers County
Alabama,Cherokee County
Alabama,Chilton County
Alabama,Clay County
Alabama,Cleburne County
Alabama,Colbert County
Alabama,Coosa County
Alabama,Cullman County
Alabama,DeKalb County
Alabama,Etowah County
Alabama,Fayette County
Alabama,Franklin County
Alabama,Greene County
Alabama,Hale County
Alabama,Jackson County
Alabama,Jefferson County
Alabama,Lamar County
Alabama,Lauderdale County
Alabama,Lawrence County
Alabama,Limestone County
Alabama,Madison County
Alabama,Marengo County
Alabama,Marion County
Alabama,Marshall County
Alabama,Morgan County
Alabama,Perry County
Alabama,Pickens County
Alabama,Randolph County
Alabama,Shelby County
Alabama,St. Clair County
Alabama,Sumter County
Alabama,Talladega County
Alabama,Tallapoosa County
Alabama,Tuscaloosa County
Alabama,Walker County
Alabama,Winston County
Alabama,Autauga County
Alabama,Baldwin County
Alabama,Barbour County
Alabama,Bullock County
Alabama,Butler County
Alabama,Choctaw County
Alabama,Clarke County
Alabama,Coffee County
Alabama,Conecuh County
Alabama,Covington County
Alabama,Crenshaw County
Alabama,Dale County
Alabama,Dallas County
Alabama,Elmore County
Alabama,Escambia County
Alabama,Geneva County
Alabama,Henry County
Alabama,Houston County
Alabama,Lee County
Alabama,Lowndes County
Alabama,Macon County
Alabama,Mobile County
Alabama,Monroe County
Alabama,Montgomery County
Alabama,Pike County
Alabama,Russell County
Alabama,Washington County
Alabama,Wilcox County
Alaska,Aleutians East Borough
Alaska,Aleutians West Census Area
Alaska,Anchorage Municipality
Alaska,Bristol Bay Borough
Alaska,Chugach Census Area
Alaska,Copper River Census Area
Alaska,Dillingham Census Area
Alaska,Haines Borough
Alaska,Hoonah-Angoon Census Area
Alaska,Juneau City and Borough
Alaska,Kenai Peninsula Borough
Alaska,Ketchikan Gateway Borough
Alaska,Kodiak Island Borough
Alaska,Lake and Peninsula Borough
Alaska,Matanuska-Susitna Borough
Alaska,Petersburg Borough
Alaska,Prince of Wales-Hyder Census Area
Alaska,Sitka City and Borough
Alaska,Skagway Municipality
Alaska,Wrangell City and Borough
Alaska,Yakutat City and Borough
Alaska,Bethel Census Area
Alaska,Denali Borough
Alaska,Fairbanks North Star Borough
Alaska,Kusilvak Census Area
Alaska,Nome Census Area
Alaska,North Slope Borough
Alaska,Northwest Arctic Borough
Alaska,Southeast Fairbanks Census Area
Alaska,Yukon-Koyukuk Census Area
Arizona,Apache County
Arizona,Navajo County
Arizona,Coconino County
Arizona,Maricopa County
Arizona,Mohave County
Arizona,Yavapai County
Arizona,Cochise County
Arizona,Gila County
Arizona,Graham County
Arizona,Greenlee County
Arizona,La Paz County
Arizona,Pima County
Arizona,Pinal County
Arizona,Santa Cruz County
Arizona,Yuma County
Arkansas,Arkansas County
Arkansas,Ashley County
Arkansas,Baxter County
Arkansas,Benton County
Arkansas,Boone County
Arkansas,Bradley County
Arkansas,Calhoun County
Arkansas,Carroll County
Arkansas,Chicot County
Arkansas,Clark County
Arkansas,Clay County
Arkansas,Cleburne County
Arkansas,Cleveland County
Arkansas,Columbia County
Arkansas,Conway County
Arkansas,Craighead County
Arkansas,Crawford County
Arkansas,Crittenden County
Arkansas,Cross County
Arkansas,Dallas County
Arkansas,Desha County
Arkansas,Drew County
Arkansas,Faulkner County
Arkansas,Franklin County
Arkansas,Fulton County
Arkansas,Garland County
Arkansas,Grant County
Arkansas,Greene County
Arkansas,Hempstead County
Arkansas,Hot Spring County
Arkansas,Howard County
Arkansas,Independence County
Arkansas,Izard County
Arkansas,Jackson County
Arkansas,Jefferson County
Arkansas,Johnson County
Arkansas,Lafayette County
Arkansas,Lawrence County
Arkansas,Lee County
Arkansas,Lincoln County
Arkansas,Little River County
Arkansas,Logan County
Arkansas,Lonoke County
Arkansas,Madison County
Arkansas,Marion County
Arkansas,Miller County
Arkansas,Mississippi County
Arkansas,Monroe County
Arkansas,Montgomery County
Arkansas,Nevada County
Arkansas,Newton County
Arkansas,Ouachita County
Arkansas,Perry County
Arkansas,Phillips County
Arkansas,Pike County
Arkansas,Poinsett County
Arkansas,Polk County
Arkansas,Pope County
Arkansas,Prairie County
Arkansas,Pulaski County
Arkansas,Randolph County
Arkansas,Saline County
Arkansas,Scott County
Arkansas,Searcy County
Arkansas,Sebastian County
Arkansas,Sevier County
Arkansas,Sharp County
Arkansas,St. Francis County
Arkansas,Stone County
Arkansas,Union County
Arkansas,Van Buren County
Arkansas,Washington County
Arkansas,White County
Arkansas,Woodruff County
Arkansas,Yell County
California,Fresno County
California,Inyo County
California,Kern County
California,Kings County
California,Madera County
California,Mariposa County
California,Merced County
California,Tulare County
California,Los Angeles County
California,Santa Barbara County
California,Ventura County
California,Monterey County
California,San Benito County
California,San Luis Obispo County
California,Santa Cruz County
California,Alameda County
California,Contra Costa County
California,Orange County
California,Amador County
California,Butte County
California,Colusa County
California,El Dorado County
California,Glenn County
California,Lassen County
California,Modoc County
California,Nevada County
California,Placer County
California,Plumas County
California,Sacramento County
California,Shasta County
California,Sierra County
California,Siskiyou County
California,Solano County
California,Sutter County
California,Tehama County
California,Trinity County
California,Yolo County
California,Yuba County
California,Riverside County
California,San Bernardino County
California,Imperial County
California,San Diego County
California,Marin County
California,San Francisco County
California,San Mateo County
California,Santa Clara County
California,Del Norte County
California,Humboldt County
California,Lake County
California,Mendocino County
California,Napa County
California,Sonoma County
California,Alpine County
California,Calaveras County
California,Mono County
California,San Joaquin County
California,Stanislaus County
California,Tuolumne County
Colorado,Chaffee County
Colorado,Cheyenne County
Colorado,Douglas County
Colorado,El Paso County
Colorado,Elbert County
Colorado,Kit Carson County
Colorado,Lake County
Colorado,Lincoln County
Colorado,Park County
Colorado,Teller County
Colorado,Adams County
Colorado,Arapahoe County
Colorado,Boulder County
Colorado,Broomfield County
Colorado,Clear Creek County
Colorado,Denver County
Colorado,Eagle County
Colorado,Garfield County
Colorado,Gilpin County
Colorado,Grand County
Colorado,Jackson County
Colorado,Jefferson County
Colorado,Larimer County
Colorado,Logan County
Colorado,Moffat County
Colorado,Morgan County
Colorado,Phillips County
Colorado,Pitkin County
Colorado,Rio Blanco County
Colorado,Routt County
Colorado,Sedgwick County
Colorado,Summit County
Colorado,Washington County
Colorado,Weld County
Colorado,Yuma County
Colorado,Alamosa County
Colorado,Archuleta County
Colorado,Baca County
Colorado,Bent County
Colorado,Conejos County
Colorado,Costilla County
Colorado,Crowley County
Colorado,Custer County
Colorado,Delta County
Colorado,Dolores County
Colorado,Fremont County
Colorado,Gunnison County
Colorado,Hinsdale County
Colorado,Huerfano County
Colorado,Kiowa County
Colorado,La Plata County
Colorado,Las Animas County
Colorado,Mesa County
Colorado,Mineral County
Colorado,Montezuma County
Colorado,Montrose County
Colorado,Otero County
Colorado,Ouray County
Colorado,Prowers County
Colorado,Pueblo County
Colorado,Rio Grande County
Colorado,Saguache County
Colorado,San Juan County
Colorado,San Miguel County
Connecticut,Fairfield County
Connecticut,Hartford County
Connecticut,Litchfield County
Connecticut,New Haven County
Connecticut,Middlesex County
Connecticut,New London County
Connecticut,Tolland County
Connecticut,Windham County
Delaware,Kent County
Delaware,New Castle County
Delaware,Sussex County
District of Columbia,District of Columbia
Florida,Broward County
Florida,Miami-Dade County
Florida,Monroe County
Florida,Brevard County
Florida,Lake County
Florida,Marion County
Florida,Orange County
Florida,Osceola County
Florida,Polk County
Florida,Seminole County
Florida,Sumter County
Florida,Volusia County
Florida,Indian River County
Florida,Martin County
Florida,Okeechobee County
Florida,Palm Beach County
Florida,St. Lucie County
Florida,Bay County
Florida,Calhoun County
Florida,Escambia County
Florida,Franklin County
Florida,Gadsden County
Florida,Gulf County
Florida,Holmes County
Florida,Jackson County
Florida,Jefferson County
Florida,Leon County
Florida,Liberty County
Florida,Madison County
Florida,Okaloosa County
Florida,Santa Rosa County
Florida,Taylor County
Florida,Wakulla County
Florida,Walton County
Florida,Washington County
Florida,Alachua County
Florida,Baker County
Florida,Bradford County
Florida,Clay County
Florida,Columbia County
Florida,Dixie County
Florida,Duval County
Florida,Flagler County
Florida,Gilchrist County
Florida,Hamilton County
Florida,Lafayette County
Florida,Levy County
Florida,Nassau County
Florida,Putnam County
Florida,St. Johns County
Florida,Suwannee County
Florida,Union County
Florida,Citrus County
Florida,Hernando County
Florida,Hillsborough County
Florida,Pasco County
Florida,Pinellas County
Florida,Charlotte County
Florida,Collier County
Florida,DeSoto County
Florida,Glades County
Florida,Hardee County
Florida,Hendry County
Florida,Highlands County
Florida,Lee County
Florida,Manatee County
Florida,Sarasota County
Georgia,Baldwin County
Georgia,Banks County
Georgia,Barrow County
Georgia,Bartow County
Georgia,Butts County
Georgia,Carroll County
Georgia,Catoosa County
Georgia,Chattooga County
Georgia,Cherokee County
Georgia,Clarke County
Georgia,Clayton County
Georgia,Cobb County
Georgia,Coweta County
Georgia,Dade County
Georgia,Dawson County
Georgia,DeKalb County
Georgia,Douglas County
Georgia,Elbert County
Georgia,Fannin County
Georgia,Fayette County
Georgia,Floyd County
Georgia,Forsyth County
Georgia,Franklin County
Georgia,Fulton County
Georgia,Gilmer County
Georgia,Gordon County
Georgia,Greene County
Georgia,Gwinnett County
Georgia,Habersham County
Georgia,Hall County
Georgia,Hancock County
Georgia,Haralson County
Georgia,Hart County
Georgia,Heard County
Georgia,Henry County
Georgia,Jackson County
Georgia,Jasper County
Georgia,Lamar County
Georgia,Lincoln County
Georgia,Lumpkin County
Georgia,Madison County
Georgia,McDuffie County
Georgia,Meriwether County
Georgia,Monroe County
Georgia,Morgan County
Georgia,Murray County
Georgia,Newton County
Georgia,Oconee County
Georgia,Oglethorpe County
Georgia,Paulding County
Georgia,Pickens County
Georgia,Pike County
Georgia,Polk County
Georgia,Putnam County
Georgia,Rabun County
Georgia,Rockdale County
Georgia,Spalding County
Georgia,Stephens County
Georgia,Taliaferro County
Georgia,Towns County
Georgia,Troup County
Georgia,Union County
Georgia,Upson County
Georgia,Walker County
Georgia,Walton County
Georgia,Warren County
Georgia,White County
Georgia,Whitfield County
Georgia,Wilkes County
Georgia,Appling County
Georgia,Atkinson County
Georgia,Bacon County
Georgia,Baker County
Georgia,Ben Hill County
Georgia,Berrien County
Georgia,Bibb County
Georgia,Bleckley County
Georgia,Brantley County
Georgia,Brooks County
Georgia,Bryan County
Georgia,Bulloch County
Georgia,Burke County
Georgia,Calhoun County
Georgia,Camden County
Georgia,Candler County
Georgia,Charlton County
Georgia,Chatham County
Georgia,Chattahoochee County
Georgia,Clay County
Georgia,Clinch County
Georgia,Coffee County
Georgia,Colquitt County
Georgia,Columbia County
Georgia,Cook County
Georgia,Crawford County
Georgia,Crisp County
Georgia,Decatur County
Georgia,Dodge County
Georgia,Dooly County
Georgia,Dougherty County
Georgia,Early County
Georgia,Echols County
Georgia,Effingham County
Georgia,Emanuel County
Georgia,Evans County
Georgia,Glascock County
Georgia,Glynn County
Georgia,Grady County
Georgia,Harris County
Georgia,Houston County
Georgia,Irwin County
Georgia,Jeff Davis County
Georgia,Jefferson County
Georgia,Jenkins County
Georgia,Johnson County
Georgia,Jones County
Georgia,Lanier County
Georgia,Laurens County
Georgia,Lee County
Georgia,Liberty County
Georgia,Long County
Georgia,Lowndes County
Georgia,Macon County
Georgia,Marion County
Georgia,McIntosh County
Georgia,Miller County
Georgia,Mitchell County
Georgia,Montgomery County
Georgia,Muscogee County
Georgia,Peach County
Georgia,Pierce County
Georgia,Pulaski County
Georgia,Quitman County
Georgia,Randolph County
Georgia,Richmond County
Georgia,Schley County
Georgia,Screven County
Georgia,Seminole County
Georgia,Stewart County
Georgia,Sumter County
Georgia,Talbot County
Georgia,Tattnall County
Georgia,Taylor County
Georgia,Telfair County
Georgia,Terrell County
Georgia,Thomas County
Georgia,Tift County
Georgia,Toombs County
Georgia,Treutlen County
Georgia,Turner County
Georgia,Twiggs County
Georgia,Ware County
Georgia,Washington County
Georgia,Wayne County
Georgia,Webster County
Georgia,Wheeler County
Georgia,Wilcox County
Georgia,Wilkinson County
Georgia,Worth County
Hawaii,Hawaii County
Hawaii,Honolulu County
Hawaii,Kalawao County
Hawaii,Kauai County
Hawaii,Maui County
Idaho,Ada County
Idaho,Adams County
Idaho,Bannock County
Idaho,Bear Lake County
Idaho,Benewah County
Idaho,Bingham County
Idaho,Blaine County
Idaho,Boise County
Idaho,Bonner County
Idaho,Bonneville County
Idaho,Boundary County
Idaho,Butte County
Idaho,Camas County
Idaho,Canyon County
Idaho,Caribou County
Idaho,Cassia County
Idaho,Clark County
Idaho,Clearwater County
Idaho,Custer County
Idaho,Elmore County
Idaho,Franklin County
Idaho,Fremont County
Idaho,Gem County
Idaho,Gooding County
Idaho,Idaho County
Idaho,Jefferson County
Idaho,Jerome County
Idaho,Kootenai County
Idaho,Latah County
Idaho,Lemhi County
Idaho,Lewis County
Idaho,Lincoln County
Idaho,Madison County
Idaho,Minidoka County
Idaho,Nez Perce County
Idaho,Oneida County
Idaho,Owyhee County
Idaho,Payette County
Idaho,Power County
Idaho,Shoshone County
Idaho,Teton County
Idaho,Twin Falls County
Idaho,Valley County
Idaho,Washington County
Illinois,Alexander County
Illinois,Clay County
Illinois,Clinton County
Illinois,Edwards County
Illinois,Franklin County
Illinois,Gallatin County
Illinois,Hamilton County
Illinois,Hardin County
Illinois,Jackson County
Illinois,Jefferson County
Illinois,Johnson County
Illinois,Lawrence County
Illinois,Marion County
Illinois,Massac County
Illinois,Monroe County
Illinois,Perry County
Illinois,Pope County
Illinois,Pulaski County
Illinois,Randolph County
Illinois,Richland County
Illinois,Saline County
Illinois,St. Clair County
Illinois,Union County
Illinois,Wabash County
Illinois,Washington County
Illinois,Wayne County
Illinois,White County
Illinois,Williamson County
Illinois,Cook County
Illinois,Lake County
Illinois,DuPage County
Illinois,Ford County
Illinois,Grundy County
Illinois,Iroquois County
Illinois,Kankakee County
Illinois,Kendall County
Illinois,Will County
Illinois,Bureau County
Illinois,Champaign County
Illinois,De Witt County
Illinois,Fulton County
Illinois,Hancock County
Illinois,Henderson County
Illinois,Henry County
Illinois,Knox County
Illinois,LaSalle County
Illinois,Livingston County
Illinois,Logan County
Illinois,Marshall County
Illinois,Mason County
Illinois,McDonough County
Illinois,McLean County
Illinois,Mercer County
Illinois,Peoria County
Illinois,Piatt County
Illinois,Putnam County
Illinois,Rock Island County
Illinois,Schuyler County
Illinois,Stark County
Illinois,Tazewell County
Illinois,Vermilion County
Illinois,Warren County
Illinois,Woodford County
Illinois,Boone County
Illinois,Carroll County
Illinois,DeKalb County
Illinois,Jo Daviess County
Illinois,Kane County
Illinois,Lee County
Illinois,McHenry County
Illinois,Ogle County
Illinois,Stephenson County
Illinois,Whiteside County
Illinois,Winnebago County
Illinois,Adams County
Illinois,Bond County
Illinois,Brown County
Illinois,Calhoun County
Illinois,Cass County
Illinois,Christian County
Illinois,Clark County
Illinois,Coles County
Illinois,Crawford County
Illinois,Cumberland County
Illinois,Douglas County
Illinois,Edgar County
Illinois,Effingham County
Illinois,Fayette County
Illinois,Greene County
Illinois,Jasper County
Illinois,Jersey County
Illinois,Macon County
Illinois,Macoupin County
Illinois,Madison County
Illinois,Menard County
Illinois,Montgomery County
Illinois,Morgan County
Illinois,Moultrie County
Illinois,Pike County
Illinois,Sangamon County
Illinois,Scott County
Illinois,Shelby County
Indiana,Daviess County
Indiana,Dubois County
Indiana,Gibson County
Indiana,Greene County
Indiana,Knox County
Indiana,Martin County
Indiana,Pike County
Indiana,Posey County
Indiana,Spencer County
Indiana,Sullivan County
Indiana,Vanderburgh County
Indiana,Warrick County
Indiana,Adams County
Indiana,Allen County
Indiana,DeKalb County
Indiana,Elkhart County
Indiana,Huntington County
Indiana,Kosciusko County
Indiana,LaGrange County
Indiana,Marshall County
Indiana,Noble County
Indiana,St. Joseph County
Indiana,Steuben County
Indiana,Wabash County
Indiana,Wells County
Indiana,Whitley County
Indiana,Lake County
Indiana,LaPorte County
Indiana,Porter County
Indiana,Starke County
Indiana,Bartholomew County
Indiana,Brown County
Indiana,Clark County
Indiana,Clay County
Indiana,Crawford County
Indiana,Dearborn County
Indiana,Decatur County
Indiana,Fayette County
Indiana,Floyd County
Indiana,Franklin County
Indiana,Hancock County
Indiana,Harrison County
Indiana,Hendricks County
Indiana,Henry County
Indiana,Jackson County
Indiana,Jefferson County
Indiana,Jennings County
Indiana,Johnson County
Indiana,Lawrence County
Indiana,Marion County
Indiana,Monroe County
Indiana,Morgan County
Indiana,Ohio County
Indiana,Orange County
Indiana,Owen County
Indiana,Parke County
Indiana,Perry County
Indiana,Putnam County
Indiana,Ripley County
Indiana,Rush County
Indiana,Scott County
Indiana,Shelby County
Indiana,Switzerland County
Indiana,Union County
Indiana,Vermillion County
Indiana,Vigo County
Indiana,Washington County
Indiana,Wayne County
Indiana,Benton County
Indiana,Blackford County
Indiana,Boone County
Indiana,Carroll County
Indiana,Cass County
Indiana,Clinton County
Indiana,Delaware County
Indiana,Fountain County
Indiana,Fulton County
Indiana,Grant County
Indiana,Hamilton County
Indiana,Howard County
Indiana,Jasper County
Indiana,Jay County
Indiana,Madison County
Indiana,Miami County
Indiana,Montgomery County
Indiana,Newton County
Indiana,Pulaski County
Indiana,Randolph County
Indiana,Tippecanoe County
Indiana,Tipton County
Indiana,Warren County
Indiana,White County
Iowa,Appanoose County
Iowa,Cedar County
Iowa,Clinton County
Iowa,Davis County
Iowa,Des Moines County
Iowa,Henry County
Iowa,Iowa County
Iowa,Jasper County
Iowa,Jefferson County
Iowa,Johnson County
Iowa,Keokuk County
Iowa,Lee County
Iowa,Louisa County
Iowa,Mahaska County
Iowa,Marion County
Iowa,Monroe County
Iowa,Muscatine County
Iowa,Poweshiek County
Iowa,Scott County
Iowa,Van Buren County
Iowa,Wapello County
Iowa,Washington County
Iowa,Adair County
Iowa,Adams County
Iowa,Audubon County
Iowa,Cass County
Iowa,Clarke County
Iowa,Dallas County
Iowa,Decatur County
Iowa,Fremont County
Iowa,Guthrie County
Iowa,Harrison County
Iowa,Lucas County
Iowa,Madison County
Iowa,Mills County
Iowa,Montgomery County
Iowa,Page County
Iowa,Polk County
Iowa,Pottawattamie County
Iowa,Ringgold County
Iowa,Shelby County
Iowa,Taylor County
Iowa,Union County
Iowa,Warren County
Iowa,Wayne County
Iowa,Allamakee County
Iowa,Benton County
Iowa,Black Hawk County
Iowa,Bremer County
Iowa,Buchanan County
Iowa,Butler County
Iowa,Cerro Gordo County
Iowa,Chickasaw County
Iowa,Clayton County
Iowa,Delaware County
Iowa,Dubuque County
Iowa,Fayette County
Iowa,Floyd County
Iowa,Franklin County
Iowa,Grundy County
Iowa,Hamilton County
Iowa,Hancock County
Iowa,Hardin County
Iowa,Howard County
Iowa,Jackson County
Iowa,Jones County
Iowa,Linn County
Iowa,Marshall County
Iowa,Mitchell County
Iowa,Story County
Iowa,Tama County
Iowa,Winnebago County
Iowa,Winneshiek County
Iowa,Worth County
Iowa,Wright County
Iowa,Boone County
Iowa,Buena Vista County
Iowa,Calhoun County
Iowa,Carroll County
Iowa,Cherokee County
Iowa,Clay County
Iowa,Crawford County
Iowa,Dickinson County
Iowa,Emmet County
Iowa,Greene County
Iowa,Humboldt County
Iowa,Ida County
Iowa,Kossuth County
Iowa,Lyon County
Iowa,Monona County
Iowa,O'Brien County
Iowa,Osceola County
Iowa,Palo Alto County
Iowa,Plymouth County
Iowa,Pocahontas County
Iowa,Sac County
Iowa,Sioux County
Iowa,Webster County
Iowa,Woodbury County
Kansas,Barber County
Kansas,Barton County
Kansas,Clark County
Kansas,Comanche County
Kansas,Edwards County
Kansas,Finney County
Kansas,Ford County
Kansas,Grant County
Kansas,Gray County
Kansas,Greeley County
Kansas,Hamilton County
Kansas,Haskell County
Kansas,Hodgeman County
Kansas,Kearny County
Kansas,Kiowa County
Kansas,Lane County
Kansas,Meade County
Kansas,Morton County
Kansas,Ness County
Kansas,Pawnee County
Kansas,Pratt County
Kansas,Rush County
Kansas,Scott County
Kansas,Seward County
Kansas,Stafford County
Kansas,Stanton County
Kansas,Stevens County
Kansas,Wichita County
Kansas,Anderson County
Kansas,Atchison County
Kansas,Brown County
Kansas,Coffey County
Kansas,Doniphan County
Kansas,Douglas County
Kansas,Franklin County
Kansas,Jackson County
Kansas,Jefferson County
Kansas,Johnson County
Kansas,Leavenworth County
Kansas,Linn County
Kansas,Lyon County
Kansas,Marshall County
Kansas,Miami County
Kansas,Nemaha County
Kansas,Osage County
Kansas,Pottawatomie County
Kansas,Shawnee County
Kansas,Wabaunsee County
Kansas,Wyandotte County
Kansas,Cheyenne County
Kansas,Clay County
Kansas,Cloud County
Kansas,Decatur County
Kansas,Dickinson County
Kansas,Ellis County
Kansas,Ellsworth County
Kansas,Geary County
Kansas,Gove County
Kansas,Graham County
Kansas,Jewell County
Kansas,Lincoln County
Kansas,Logan County
Kansas,Mitchell County
Kansas,Norton County
Kansas,Osborne County
Kansas,Ottawa County
Kansas,Phillips County
Kansas,Rawlins County
Kansas,Republic County
Kansas,Riley County
Kansas,Rooks County
Kansas,Russell County
Kansas,Saline County
Kansas,Sheridan County
Kansas,Sherman County
Kansas,Smith County
Kansas,Thomas County
Kansas,Trego County
Kansas,Wallace County
Kansas,Washington County
Kansas,Allen County
Kansas,Bourbon County
Kansas,Butler County
Kansas,Chase County
Kansas,Chautauqua County
Kansas,Cherokee County
Kansas,Cowley County
Kansas,Crawford County
Kansas,Elk County
Kansas,Greenwood County
Kansas,Harper County
Kansas,Harvey County
Kansas,Kingman County
Kansas,Labette County
Kansas,Marion County
Kansas,McPherson County
Kansas,Montgomery County
Kansas,Morris County
Kansas,Neosho County
Kansas,Reno County
Kansas,Rice County
Kansas,Sedgwick County
Kansas,Sumner County
Kansas,Wilson County
Kansas,Woodson County
Kentucky,Boone County
Kentucky,Bracken County
Kentucky,Campbell County
Kentucky,Carroll County
Kentucky,Fleming County
Kentucky,Gallatin County
Kentucky,Grant County
Kentucky,Harrison County
Kentucky,Kenton County
Kentucky,Lewis County
Kentucky,Mason County
Kentucky,Owen County
Kentucky,Pendleton County
Kentucky,Robertson County
Kentucky,Anderson County
Kentucky,Bath County
Kentucky,Bell County
Kentucky,Bourbon County
Kentucky,Boyd County
Kentucky,Boyle County
Kentucky,Breathitt County
Kentucky,Carter County
Kentucky,Clark County
Kentucky,Clay County
Kentucky,Elliott County
Kentucky,Estill County
Kentucky,Fayette County
Kentucky,Floyd County
Kentucky,Franklin County
Kentucky,Garrard County
Kentucky,Greenup County
Kentucky,Harlan County
Kentucky,Jackson County
Kentucky,Jessamine County
Kentucky,Johnson County
Kentucky,Knott County
Kentucky,Knox County
Kentucky,Laurel County
Kentucky,Lawrence County
Kentucky,Lee County
Kentucky,Leslie County
Kentucky,Letcher County
Kentucky,Lincoln County
Kentucky,Madison County
Kentucky,Magoffin County
Kentucky,Martin County
Kentucky,McCreary County
Kentucky,Menifee County
Kentucky,Mercer County
Kentucky,Montgomery County
Kentucky,Morgan County
Kentucky,Nicholas County
Kentucky,Owsley County
Kentucky,Perry County
Kentucky,Pike County
Kentucky,Powell County
Kentucky,Pulaski County
Kentucky,Rockcastle County
Kentucky,Rowan County
Kentucky,Scott County
Kentucky,Wayne County
Kentucky,Whitley County
Kentucky,Wolfe County
Kentucky,Woodford County
Kentucky,Adair County
Kentucky,Barren County
Kentucky,Bullitt County
Kentucky,Casey County
Kentucky,Clinton County
Kentucky,Cumberland County
Kentucky,Green County
Kentucky,Hardin County
Kentucky,Hart County
Kentucky,Henry County
Kentucky,Jefferson County
Kentucky,Larue County
Kentucky,Marion County
Kentucky,Meade County
Kentucky,Metcalfe County
Kentucky,Monroe County
Kentucky,Nelson County
Kentucky,Oldham County
Kentucky,Russell County
Kentucky,Shelby County
Kentucky,Spencer County
Kentucky,Taylor County
Kentucky,Trimble County
Kentucky,Washington County
Kentucky,Allen County
Kentucky,Ballard County
Kentucky,Breckinridge County
Kentucky,Butler County
Kentucky,Caldwell County
Kentucky,Calloway County
Kentucky,Carlisle County
Kentucky,Christian County
Kentucky,Crittenden County
Kentucky,Daviess County
Kentucky,Edmonson County
Kentucky,Fulton County
Kentucky,Graves County
Kentucky,Grayson County
Kentucky,Hancock County
Kentucky,Henderson County
Kentucky,Hickman County
Kentucky,Hopkins County
Kentucky,Livingston County
Kentucky,Logan County
Kentucky,Lyon County
Kentucky,Marshall County
Kentucky,McCracken County
Kentucky,McLean County
Kentucky,Muhlenberg County
Kentucky,Ohio County
Kentucky,Simpson County
Kentucky,Todd County
Kentucky,Trigg County
Kentucky,Union County
Kentucky,Warren County
Kentucky,Webster County
Louisiana,Avoyelles Parish
Louisiana,Caldwell Parish
Louisiana,Catahoula Parish
Louisiana,Concordia Parish
Louisiana,Franklin Parish
Louisiana,Grant Parish
Louisiana,LaSalle Parish
Louisiana,Madison Parish
Louisiana,Natchitoches Parish
Louisiana,Rapides Parish
Louisiana,Tensas Parish
Louisiana,Vernon Parish
Louisiana,Winn Parish
Louisiana,Ascension Parish
Louisiana,Assumption Parish
Louisiana,East Baton Rouge Parish
Louisiana,East Feliciana Parish
Louisiana,Iberville Parish
Louisiana,Livingston Parish
Louisiana,Pointe Coupee Parish
Louisiana,St. Helena Parish
Louisiana,St. James Parish
Louisiana,Tangipahoa Parish
Louisiana,West Baton Rouge Parish
Louisiana,West Feliciana Parish
Louisiana,Lafourche Parish
Louisiana,Terrebonne Parish
Louisiana,Acadia Parish
Louisiana,Evangeline Parish
Louisiana,Iberia Parish
Louisiana,Lafayette Parish
Louisiana,St. Landry Parish
Louisiana,St. Martin Parish
Louisiana,St. Mary Parish
Louisiana,Vermilion Parish
Louisiana,Allen Parish
Louisiana,Beauregard Parish
Louisiana,Calcasieu Parish
Louisiana,Cameron Parish
Louisiana,Jefferson Davis Parish
Louisiana,Jefferson Parish
Louisiana,Orleans Parish
Louisiana,Plaquemines Parish
Louisiana,St. Bernard Parish
Louisiana,St. Charles Parish
Louisiana,St. John the Baptist Parish
Louisiana,St. Tammany Parish
Louisiana,Washington Parish
Louisiana,Bienville Parish
Louisiana,Bossier Parish
Louisiana,Caddo Parish
Louisiana,Claiborne Parish
Louisiana,De Soto Parish
Louisiana,East Carroll Parish
Louisiana,Jackson Parish
Louisiana,Lincoln Parish
Louisiana,Morehouse Parish
Louisiana,Ouachita Parish
Louisiana,Red River Parish
Louisiana,Richland Parish
Louisiana,Sabine Parish
Louisiana,Union Parish
Louisiana,Webster Parish
Louisiana,West Carroll Parish
Maine,Androscoggin County
Maine,Aroostook County
Maine,Cumberland County
Maine,Franklin County
Maine,Hancock County
Maine,Kennebec County
Maine,Knox County
Maine,Lincoln County
Maine,Oxford County
Maine,Penobscot County
Maine,Piscataquis County
Maine,Sagadahoc County
Maine,Somerset County
Maine,Waldo County
Maine,Washington County
Maine,York County
Maryland,Allegany County
Maryland,Anne Arundel County
Maryland,Baltimore city
Maryland,Baltimore County
Maryland,Carroll County
Maryland,Frederick County
Maryland,Garrett County
Maryland,Harford County
Maryland,Howard County
Maryland,Washington County
Maryland,Calvert County
Maryland,Charles County
Maryland,Montgomery County
Maryland,Prince George's County
Maryland,St. Mary's County
Maryland,Caroline County
Maryland,Cecil County
Maryland,Dorchester County
Maryland,Kent County
Maryland,Queen Anne's County
Maryland,Somerset County
Maryland,Talbot County
Maryland,Wicomico County
Maryland,Worcester County
Massachusetts,Essex County
Massachusetts,Middlesex County
Massachusetts,Norfolk County
Massachusetts,Plymouth County
Massachusetts,Suffolk County
Massachusetts,Barnstable County
Massachusetts,Bristol County
Massachusetts,Dukes County
Massachusetts,Nantucket County
Massachusetts,Berkshire County
Massachusetts,Franklin County
Massachusetts,Hampden County
Massachusetts,Hampshire County
Massachusetts,Worcester County
Michigan,Lapeer County
Michigan,Macomb County
Michigan,Monroe County
Michigan,Oakland County
Michigan,St. Clair County
Michigan,Wayne County
Michigan,Alcona County
Michigan,Alpena County
Michigan,Antrim County
Michigan,Benzie County
Michigan,Charlevoix County
Michigan,Cheboygan County
Michigan,Crawford County
Michigan,Emmet County
Michigan,Grand Traverse County
Michigan,Iosco County
Michigan,Kalkaska County
Michigan,Leelanau County
Michigan,Manistee County
Michigan,Missaukee County
Michigan,Montmorency County
Michigan,Ogemaw County
Michigan,Oscoda County
Michigan,Otsego County
Michigan,Presque Isle County
Michigan,Roscommon County
Michigan,Wexford County
Michigan,Ionia County
Michigan,Kent County
Michigan,Lake County
Michigan,Mason County
Michigan,Mecosta County
Michigan,Montcalm County
Michigan,Muskegon County
Michigan,Newaygo County
Michigan,Oceana County
Michigan,Osceola County
Michigan,Ottawa County
Michigan,Allegan County
Michigan,Barry County
Michigan,Berrien County
Michigan,Branch County
Michigan,Calhoun County
Michigan,Cass County
Michigan,Kalamazoo County
Michigan,St. Joseph County
Michigan,Van Buren County
Michigan,Clinton County
Michigan,Eaton County
Michigan,Genesee County
Michigan,Hillsdale County
Michigan,Ingham County
Michigan,Jackson County
Michigan,Lenawee County
Michigan,Livingston County
Michigan,Shiawassee County
Michigan,Washtenaw County
Michigan,Alger County
Michigan,Baraga County
Michigan,Chippewa County
Michigan,Delta County
Michigan,Dickinson County
Michigan,Gogebic County
Michigan,Houghton County
Michigan,Iron County
Michigan,Keweenaw County
Michigan,Luce County
Michigan,Mackinac County
Michigan,Marquette County
Michigan,Menominee County
Michigan,Ontonagon County
Michigan,Schoolcraft County
Michigan,Arenac County
Michigan,Bay County
Michigan,Clare County
Michigan,Gladwin County
Michigan,Gratiot County
Michigan,Huron County
Michigan,Isabella County
Michigan,Midland County
Michigan,Saginaw County
Michigan,Sanilac County
Michigan,Tuscola County
Minnesota,Becker County
Minnesota,Beltrami County
Minnesota,Clay County
Minnesota,Clearwater County
Minnesota,Hubbard County
Minnesota,Kittson County
Minnesota,Lake of the Woods County
Minnesota,Mahnomen County
Minnesota,Marshall County
Minnesota,Norman County
Minnesota,Pennington County
Minnesota,Polk County
Minnesota,Red Lake County
Minnesota,Roseau County
Minnesota,Aitkin County
Minnesota,Carlton County
Minnesota,Cass County
Minnesota,Cook County
Minnesota,Crow Wing County
Minnesota,Itasca County
Minnesota,Koochiching County
Minnesota,Lake County
Minnesota,Pine County
Minnesota,St. Louis County
Minnesota,Big Stone County
Minnesota,Brown County
Minnesota,Chippewa County
Minnesota,Kandiyohi County
Minnesota,Lac qui Parle County
Minnesota,Lincoln County
Minnesota,Lyon County
Minnesota,McLeod County
Minnesota,Meeker County
Minnesota,Nicollet County
Minnesota,Redwood County
Minnesota,Renville County
Minnesota,Sibley County
Minnesota,Swift County
Minnesota,Yellow Medicine County
Minnesota,Benton County
Minnesota,Douglas County
Minnesota,Grant County
Minnesota,Isanti County
Minnesota,Kanabec County
Minnesota,Mille Lacs County
Minnesota,Morrison County
Minnesota,Otter Tail County
Minnesota,Pope County
Minnesota,Sherburne County
Minnesota,Stearns County
Minnesota,Stevens County
Minnesota,Todd County
Minnesota,Traverse County
Minnesota,Wadena County
Minnesota,Wilkin County
Minnesota,Anoka County
Minnesota,Carver County
Minnesota,Chisago County
Minnesota,Dakota County
Minnesota,Goodhue County
Minnesota,Hennepin County
Minnesota,Le Sueur County
Minnesota,Ramsey County
Minnesota,Rice County
Minnesota,Scott County
Minnesota,Washington County
Minnesota,Wright County
Minnesota,Blue Earth County
Minnesota,Cottonwood County
Minnesota,Dodge County
Minnesota,Faribault County
Minnesota,Fillmore County
Minnesota,Freeborn County
Minnesota,Houston County
Minnesota,Jackson County
Minnesota,Martin County
Minnesota,Mower County
Minnesota,Murray County
Minnesota,Nobles County
Minnesota,Olmsted County
Minnesota,Pipestone County
Minnesota,Rock County
Minnesota,Steele County
Minnesota,Wabasha County
Minnesota,Waseca County
Minnesota,Watonwan County
Minnesota,Winona County
Mississippi,Covington County
Mississippi,Forrest County
Mississippi,George County
Mississippi,Greene County
Mississippi,Hancock County
Mississippi,Harrison County
Mississippi,Jackson County
Mississippi,Jefferson Davis County
Mississippi,Jones County
Mississippi,Lamar County
Mississippi,Lawrence County
Mississippi,Marion County
Mississippi,Pearl River County
Mississippi,Perry County
Mississippi,Stone County
Mississippi,Walthall County
Mississippi,Wayne County
Mississippi,Adams County
Mississippi,Alcorn County
Mississippi,Amite County
Mississippi,Attala County
Mississippi,Benton County
Mississippi,Bolivar County
Mississippi,Calhoun County
Mississippi,Carroll County
Mississippi,Chickasaw County
Mississippi,Choctaw County
Mississippi,Claiborne County
Mississippi,Clarke County
Mississippi,Clay County
Mississippi,Coahoma County
Mississippi,Copiah County
Mississippi,DeSoto County
Mississippi,Franklin County
Mississippi,Grenada County
Mississippi,Hinds County
Mississippi,Holmes County
Mississippi,Humphreys County
Mississippi,Issaquena County
Mississippi,Itawamba County
Mississippi,Jasper County
Mississippi,Jefferson County
Mississippi,Kemper County
Mississippi,Lafayette County
Mississippi,Lauderdale County
Mississippi,Leake County
Mississippi,Lee County
Mississippi,Leflore County
Mississippi,Lincoln County
Mississippi,Lowndes County
Mississippi,Madison County
Mississippi,Marshall County
Mississippi,Monroe County
Mississippi,Montgomery County
Mississippi,Neshoba County
Mississippi,Newton County
Mississippi,Noxubee County
Mississippi,Oktibbeha County
Mississippi,Panola County
Mississippi,Pike County
Mississippi,Pontotoc County
Mississippi,Prentiss County
Mississippi,Quitman County
Mississippi,Rankin County
Mississippi,Scott County
Mississippi,Sharkey County
Mississippi,Simpson County
Mississippi,Smith County
Mississippi,Sunflower County
Mississippi,Tallahatchie County
Mississippi,Tate County
Mississippi,Tippah County
Mississippi,Tishomingo County
Mississippi,Tunica County
Mississippi,Union County
Mississippi,Warren County
Mississippi,Washington County
Mississippi,Webster County
Mississippi,Wilkinson County
Mississippi,Winston County
Mississippi,Yalobusha County
Mississippi,Yazoo County
Missouri,Adair County
Missouri,Audrain County
Missouri,Benton County
Missouri,Boone County
Missouri,Callaway County
Missouri,Camden County
Missouri,Chariton County
Missouri,Clark County
Missouri,Cole County
Missouri,Cooper County
Missouri,Crawford County
Missouri,Gasconade County
Missouri,Hickory County
Missouri,Howard County
Missouri,Knox County
Missouri,Lewis County
Missouri,Linn County
Missouri,Macon County
Missouri,Maries County
Missouri,Marion County
Missouri,Miller County
Missouri,Moniteau County
Missouri,Monroe County
Missouri,Montgomery County
Missouri,Morgan County
Missouri,Osage County
Missouri,Pettis County
Missouri,Phelps County
Missouri,Pike County
Missouri,Pulaski County
Missouri,Putnam County
Missouri,Ralls County
Missouri,Randolph County
Missouri,Saline County
Missouri,Schuyler County
Missouri,Scotland County
Missouri,Shelby County
Missouri,Sullivan County
Missouri,Andrew County
Missouri,Atchison County
Missouri,Bates County
Missouri,Buchanan County
Missouri,Caldwell County
Missouri,Carroll County
Missouri,Cass County
Missouri,Clay County
Missouri,Clinton County
Missouri,Daviess County
Missouri,DeKalb County
Missouri,Gentry County
Missouri,Grundy County
Missouri,Harrison County
Missouri,Henry County
Missouri,Holt County
Missouri,Jackson County
Missouri,Johnson County
Missouri,Lafayette County
Missouri,Livingston County
Missouri,Mercer County
Missouri,Nodaway County
Missouri,Platte County
Missouri,Ray County
Missouri,St. Clair County
Missouri,Vernon County
Missouri,Worth County
Missouri,Barry County
Missouri,Barton County
Missouri,Bollinger County
Missouri,Butler County
Missouri,Cape Girardeau County
Missouri,Carter County
Missouri,Cedar County
Missouri,Christian County
Missouri,Dade County
Missouri,Dallas County
Missouri,Dent County
Missouri,Douglas County
Missouri,Dunklin County
Missouri,Greene County
Missouri,Howell County
Missouri,Iron County
Missouri,Jasper County
Missouri,Laclede County
Missouri,Lawrence County
Missouri,Madison County
Missouri,McDonald County
Missouri,Mississippi County
Missouri,New Madrid County
Missouri,Newton County
Missouri,Oregon County
Missouri,Ozark County
Missouri,Pemiscot County
Missouri,Polk County
Missouri,Reynolds County
Missouri,Ripley County
Missouri,Scott County
Missouri,Shannon County
Missouri,Stoddard County
Missouri,Stone County
Missouri,Taney County
Missouri,Texas County
Missouri,Wayne County
Missouri,Webster County
Missouri,Wright County
Missouri,Franklin County
Missouri,Jefferson County
Missouri,Lincoln County
Missouri,Perry County
Missouri,St. Charles County
Missouri,St. Francois County
Missouri,St. Louis city
Missouri,St. Louis County
Missouri,Ste. Genevieve County
Missouri,Warren County
Missouri,Washington County
Montana,Big Horn County
Montana,Blaine County
Montana,Carbon County
Montana,Carter County
Montana,Cascade County
Montana,Chouteau County
Montana,Custer County
Montana,Daniels County
Montana,Dawson County
Montana,Fallon County
Montana,Fergus County
Montana,Garfield County
Montana,Golden Valley County
Montana,Hill County
Montana,Judith Basin County
Montana,Liberty County
Montana,McCone County
Montana,Musselshell County
Montana,Park County
Montana,Petroleum County
Montana,Phillips County
Montana,Powder River County
Montana,Prairie County
Montana,Richland County
Montana,Roosevelt County
Montana,Rosebud County
Montana,Sheridan County
Montana,Stillwater County
Montana,Sweet Grass County
Montana,Treasure County
Montana,Valley County
Montana,Wibaux County
Montana,Yellowstone County
Montana,Beaverhead County
Montana,Broadwater County
Montana,Deer Lodge County
Montana,Flathead County
Montana,Gallatin County
Montana,Glacier County
Montana,Granite County
Montana,Jefferson County
Montana,Lake County
Montana,Lewis and Clark County
Montana,Lincoln County
Montana,Madison County
Montana,Meagher County
Montana,Mineral County
Montana,Missoula County
Montana,Pondera County
Montana,Powell County
Montana,Ravalli County
Montana,Sanders County
Montana,Silver Bow County
Montana,Teton County
Montana,Toole County
Montana,Wheatland County
Nebraska,Arthur County
Nebraska,Banner County
Nebraska,Blaine County
Nebraska,Box Butte County
Nebraska,Brown County
Nebraska,Buffalo County
Nebraska,Cherry County
Nebraska,Cheyenne County
Nebraska,Custer County
Nebraska,Dawes County
Nebraska,Dawson County
Nebraska,Deuel County
Nebraska,Garden County
Nebraska,Garfield County
Nebraska,Grant County
Nebraska,Greeley County
Nebraska,Hall County
Nebraska,Hooker County
Nebraska,Howard County
Nebraska,Keith County
Nebraska,Keya Paha County
Nebraska,Kimball County
Nebraska,Logan County
Nebraska,Loup County
Nebraska,McPherson County
Nebraska,Morrill County
Nebraska,Rock County
Nebraska,Scotts Bluff County
Nebraska,Sheridan County
Nebraska,Sherman County
Nebraska,Sioux County
Nebraska,Thomas County
Nebraska,Valley County
Nebraska,Wheeler County
Nebraska,Adams County
Nebraska,Butler County
Nebraska,Cass County
Nebraska,Chase County
Nebraska,Clay County
Nebraska,Dundy County
Nebraska,Fillmore County
Nebraska,Franklin County
Nebraska,Frontier County
Nebraska,Furnas County
Nebraska,Gage County
Nebraska,Gosper County
Nebraska,Hamilton County
Nebraska,Harlan County
Nebraska,Hayes County
Nebraska,Hitchcock County
Nebraska,Jefferson County
Nebraska,Johnson County
Nebraska,Kearney County
Nebraska,Lancaster County
Nebraska,Lincoln County
Nebraska,Nemaha County
Nebraska,Nuckolls County
Nebraska,Otoe County
Nebraska,Pawnee County
Nebraska,Perkins County
Nebraska,Phelps County
Nebraska,Polk County
Nebraska,Red Willow County
Nebraska,Richardson County
Nebraska,Saline County
Nebraska,Saunders County
Nebraska,Seward County
Nebraska,Thayer County
Nebraska,Webster County
Nebraska,York County
Nebraska,Antelope County
Nebraska,Boone County
Nebraska,Boyd County
Nebraska,Burt County
Nebraska,Cedar County
Nebraska,Colfax County
Nebraska,Cuming County
Nebraska,Dakota County
Nebraska,Dixon County
Nebraska,Dodge County
Nebraska,Douglas County
Nebraska,Holt County
Nebraska,Knox County
Nebraska,Madison County
Nebraska,Merrick County
Nebraska,Nance County
Nebraska,Pierce County
Nebraska,Platte County
Nebraska,Sarpy County
Nebraska,Stanton County
Nebraska,Thurston County
Nebraska,Washington County
Nebraska,Wayne County
Nevada,Clark County
Nevada,Esmeralda County
Nevada,Lincoln County
Nevada,Nye County
Nevada,White Pine County
Nevada,Carson City
Nevada,Churchill County
Nevada,Douglas County
Nevada,Elko County
Nevada,Eureka County
Nevada,Humboldt County
Nevada,Lander County
Nevada,Lyon County
Nevada,Mineral County
Nevada,Pershing County
Nevada,Storey County
Nevada,Washoe County
New Hampshire,Belknap County
New Hampshire,Carroll County
New Hampshire,Cheshire County
New Hampshire,Coos County
New Hampshire,Grafton County
New Hampshire,Hillsborough County
New Hampshire,Merrimack County
New Hampshire,Rockingham County
New Hampshire,Strafford County
New Hampshire,Sullivan County
New Jersey,Atlantic County
New Jersey,Camden County
New Jersey,Cape May County
New Jersey,Cumberland County
New Jersey,Gloucester County
New Jersey,Salem County
New Jersey,Hunterdon County
New Jersey,Middlesex County
New Jersey,Somerset County
New Jersey,Warren County
New Jersey,Bergen County
New Jersey,Essex County
New Jersey,Hudson County
New Jersey,Union County
New Jersey,Morris County
New Jersey,Passaic County
New Jersey,Sussex County
New Jersey,Burlington County
New Jersey,Mercer County
New Jersey,Monmouth County
New Jersey,Ocean County
New Mexico,Catron County
New Mexico,Cibola County
New Mexico,McKinley County
New Mexico,San Juan County
New Mexico,Chaves County
New Mexico,Doña Ana County
New Mexico,Eddy County
New Mexico,Grant County
New Mexico,Hidalgo County
New Mexico,Lea County
New Mexico,Lincoln County
New Mexico,Luna County
New Mexico,Otero County
New Mexico,Sierra County
New Mexico,Bernalillo County
New Mexico,Colfax County
New Mexico,Curry County
New Mexico,De Baca County
New Mexico,Guadalupe County
New Mexico,Harding County
New Mexico,Los Alamos County
New Mexico,Mora County
New Mexico,Quay County
New Mexico,Rio Arriba County
New Mexico,Roosevelt County
New Mexico,San Miguel County
New Mexico,Sandoval County
New Mexico,Santa Fe County
New Mexico,Socorro County
New Mexico,Taos County
New Mexico,Torrance County
New Mexico,Union County
New Mexico,Valencia County
New York,Albany County
New York,Columbia County
New York,Delaware County
New York,Fulton County
New York,Greene County
New York,Herkimer County
New York,Montgomery County
New York,Otsego County
New York,Rensselaer County
New York,Saratoga County
New York,Schenectady County
New York,Schoharie County
New York,Warren County
New York,Washington County
New York,Kings County
New York,Queens County
New York,Allegany County
New York,Cattaraugus County
New York,Chautauqua County
New York,Erie County
New York,Genesee County
New York,Niagara County
New York,Orleans County
New York,Wyoming County
New York,Bronx County
New York,Dutchess County
New York,New York County
New York,Orange County
New York,Putnam County
New York,Richmond County
New York,Rockland County
New York,Sullivan County
New York,Ulster County
New York,Westchester County
New York,Clinton County
New York,Essex County
New York,Franklin County
New York,Hamilton County
New York,Jefferson County
New York,Lewis County
New York,St. Lawrence County
New York,Cayuga County
New York,Chemung County
New York,Livingston County
New York,Monroe County
New York,Ontario County
New York,Schuyler County
New York,Seneca County
New York,Steuben County
New York,Tioga County
New York,Tompkins County
New York,Wayne County
New York,Yates County
New York,Nassau County
New York,Suffolk County
New York,Broome County
New York,Chenango County
New York,Cortland County
New York,Madison County
New York,Oneida County
New York,Onondaga County
New York,Oswego County
North Carolina,Alexander County
North Carolina,Alleghany County
North Carolina,Anson County
North Carolina,Ashe County
North Carolina,Avery County
North Carolina,Buncombe County
North Carolina,Burke County
North Carolina,Cabarrus County
North Carolina,Caldwell County
North Carolina,Catawba County
North Carolina,Cherokee County
North Carolina,Clay County
North Carolina,Cleveland County
North Carolina,Davidson County
North Carolina,Davie County
North Carolina,Forsyth County
North Carolina,Gaston County
North Carolina,Graham County
North Carolina,Guilford County
North Carolina,Haywood County
North Carolina,Henderson County
North Carolina,Iredell County
North Carolina,Jackson County
North Carolina,Lincoln County
North Carolina,Macon County
North Carolina,Madison County
North Carolina,McDowell County
North Carolina,Mecklenburg County
North Carolina,Mitchell County
North Carolina,Montgomery County
North Carolina,Polk County
North Carolina,Randolph County
North Carolina,Richmond County
North Carolina,Rockingham County
North Carolina,Rowan County
North Carolina,Rutherford County
North Carolina,Stanly County
North Carolina,Stokes County
North Carolina,Surry County
North Carolina,Swain County
North Carolina,Transylvania County
North Carolina,Union County
North Carolina,Watauga County
North Carolina,Wilkes County
North Carolina,Yadkin County
North Carolina,Yancey County
North Carolina,Alamance County
North Carolina,Beaufort County
North Carolina,Bertie County
North Carolina,Bladen County
North Carolina,Brunswick County
North Carolina,Camden County
North Carolina,Carteret County
North Carolina,Caswell County
North Carolina,Chatham County
North Carolina,Chowan County
North Carolina,Columbus County
North Carolina,Craven County
North Carolina,Cumberland County
North Carolina,Currituck County
North Carolina,Dare County
North Carolina,Duplin County
North Carolina,Durham County
North Carolina,Edgecombe County
North Carolina,Franklin County
North Carolina,Gates County
North Carolina,Granville County
North Carolina,Greene County
North Carolina,Halifax County
North Carolina,Harnett County
North Carolina,Hertford County
North Carolina,Hoke County
North Carolina,Hyde County
North Carolina,Johnston County
North Carolina,Jones County
North Carolina,Lee County
North Carolina,Lenoir County
North Carolina,Martin County
North Carolina,Moore County
North Carolina,Nash County
North Carolina,New Hanover County
North Carolina,Northampton County
North Carolina,Onslow County
North Carolina,Orange County
North Carolina,Pamlico County
North Carolina,Pasquotank County
North Carolina,Pender County
North Carolina,Perquimans County
North Carolina,Person County
North Carolina,Pitt County
North Carolina,Robeson County
North Carolina,Sampson County
North Carolina,Scotland County
North Carolina,Tyrrell County
North Carolina,Vance County
North Carolina,Wake County
North Carolina,Warren County
North Carolina,Washington County
North Carolina,Wayne County
North Carolina,Wilson County
North Dakota,Adams County
North Dakota,Billings County
North Dakota,Bowman County
North Dakota,Burke County
North Dakota,Burleigh County
North Dakota,Divide County
North Dakota,Dunn County
North Dakota,Emmons County
North Dakota,Golden Valley County
North Dakota,Grant County
North Dakota,Hettinger County
North Dakota,McKenzie County
North Dakota,McLean County
North Dakota,Mercer County
North Dakota,Morton County
North Dakota,Mountrail County
North Dakota,Oliver County
North Dakota,Renville County
North Dakota,Sioux County
North Dakota,Slope County
North Dakota,Stark County
North Dakota,Ward County
North Dakota,Williams County
North Dakota,Barnes County
North Dakota,Benson County
North Dakota,Bottineau County
North Dakota,Cass County
North Dakota,Cavalier County
North Dakota,Dickey County
North Dakota,Eddy County
North Dakota,Foster County
North Dakota,Grand Forks County
North Dakota,Griggs County
North Dakota,Kidder County
North Dakota,LaMoure County
North Dakota,Logan County
North Dakota,McHenry County
North Dakota,McIntosh County
North Dakota,Nelson County
North Dakota,Pembina County
North Dakota,Pierce County
North Dakota,Ramsey County
North Dakota,Ransom County
North Dakota,Richland County
North Dakota,Rolette County
North Dakota,Sargent County
North Dakota,Sheridan County
North Dakota,Steele County
North Dakota,Stutsman County
North Dakota,Towner County
North Dakota,Traill County
North Dakota,Walsh County
North Dakota,Wells County
Ohio,Adams County
Ohio,Auglaize County
Ohio,Brown County
Ohio,Butler County
Ohio,Champaign County
Ohio,Clark County
Ohio,Clermont County
Ohio,Clinton County
Ohio,Darke County
Ohio,Greene County
Ohio,Hamilton County
Ohio,Highland County
Ohio,Logan County
Ohio,Mercer County
Ohio,Miami County
Ohio,Montgomery County
Ohio,Preble County
Ohio,Shelby County
Ohio,Warren County
Ohio,Ashland County
Ohio,Cuyahoga County
Ohio,Geauga County
Ohio,Lake County
Ohio,Lorain County
Ohio,Medina County
Ohio,Summit County
Ohio,Wayne County
Ohio,Coshocton County
Ohio,Delaware County
Ohio,Fairfield County
Ohio,Fayette County
Ohio,Franklin County
Ohio,Hardin County
Ohio,Hocking County
Ohio,Holmes County
Ohio,Jackson County
Ohio,Knox County
Ohio,Licking County
Ohio,Madison County
Ohio,Marion County
Ohio,Morrow County
Ohio,Muskingum County
Ohio,Perry County
Ohio,Pickaway County
Ohio,Pike County
Ohio,Ross County
Ohio,Scioto County
Ohio,Tuscarawas County
Ohio,Union County
Ohio,Vinton County
Ohio,Athens County
Ohio,Belmont County
Ohio,Carroll County
Ohio,Gallia County
Ohio,Guernsey County
Ohio,Harrison County
Ohio,Jefferson County
Ohio,Lawrence County
Ohio,Meigs County
Ohio,Monroe County
Ohio,Morgan County
Ohio,Noble County
Ohio,Washington County
Ohio,Allen County
Ohio,Crawford County
Ohio,Defiance County
Ohio,Erie County
Ohio,Fulton County
Ohio,Hancock County
Ohio,Henry County
Ohio,Huron County
Ohio,Lucas County
Ohio,Ottawa County
Ohio,Paulding County
Ohio,Putnam County
Ohio,Richland County
Ohio,Sandusky County
Ohio,Seneca County
Ohio,Van Wert County
Ohio,Williams County
Ohio,Wood County
Ohio,Wyandot County
Ohio,Ashtabula County
Ohio,Columbiana County
Ohio,Mahoning County
Ohio,Portage County
Ohio,Stark County
Ohio,Trumbull County
Oklahoma,Alfalfa County
Oklahoma,Beaver County
Oklahoma,Beckham County
Oklahoma,Blaine County
Oklahoma,Caddo County
Oklahoma,Canadian County
Oklahoma,Carter County
Oklahoma,Cimarron County
Oklahoma,Cleveland County
Oklahoma,Comanche County
Oklahoma,Cotton County
Oklahoma,Custer County
Oklahoma,Dewey County
Oklahoma,Ellis County
Oklahoma,Garfield County
Oklahoma,Garvin County
Oklahoma,Grady County
Oklahoma,Grant County
Oklahoma,Greer County
Oklahoma,Harmon County
Oklahoma,Harper County
Oklahoma,Jackson County
Oklahoma,Jefferson County
Oklahoma,Johnston County
Oklahoma,Kay County
Oklahoma,Kingfisher County
Oklahoma,Kiowa County
Oklahoma,Lincoln County
Oklahoma,Logan County
Oklahoma,Love County
Oklahoma,Major County
Oklahoma,Marshall County
Oklahoma,McClain County
Oklahoma,Murray County
Oklahoma,Noble County
Oklahoma,Oklahoma County
Oklahoma,Pontotoc County
Oklahoma,Pottawatomie County
Oklahoma,Roger Mills County
Oklahoma,Seminole County
Oklahoma,Stephens County
Oklahoma,Texas County
Oklahoma,Tillman County
Oklahoma,Washita County
Oklahoma,Woods County
Oklahoma,Woodward County
Oklahoma,Adair County
Oklahoma,Atoka County
Oklahoma,Bryan County
Oklahoma,Cherokee County
Oklahoma,Choctaw County
Oklahoma,Coal County
Oklahoma,Craig County
Oklahoma,Creek County
Oklahoma,Delaware County
Oklahoma,Haskell County
Oklahoma,Hughes County
Oklahoma,Latimer County
Oklahoma,Le Flore County
Oklahoma,Mayes County
Oklahoma,McCurtain County
Oklahoma,McIntosh County
Oklahoma,Muskogee County
Oklahoma,Nowata County
Oklahoma,Okfuskee County
Oklahoma,Okmulgee County
Oklahoma,Osage County
Oklahoma,Ottawa County
Oklahoma,Pawnee County
Oklahoma,Payne County
Oklahoma,Pittsburg County
Oklahoma,Pushmataha County
Oklahoma,Rogers County
Oklahoma,Sequoyah County
Oklahoma,Tulsa County
Oklahoma,Wagoner County
Oklahoma,Washington County
Oregon,Baker County
Oregon,Crook County
Oregon,Deschutes County
Oregon,Gilliam County
Oregon,Grant County
Oregon,Harney County
Oregon,Hood River County
Oregon,Jefferson County
Oregon,Klamath County
Oregon,Lake County
Oregon,Malheur County
Oregon,Morrow County
Oregon,Sherman County
Oregon,Umatilla County
Oregon,Union County
Oregon,Wallowa County
Oregon,Wasco County
Oregon,Wheeler County
Oregon,Benton County
Oregon,Clackamas County
Oregon,Clatsop County
Oregon,Columbia County
Oregon,Coos County
Oregon,Curry County
Oregon,Douglas County
Oregon,Jackson County
Oregon,Josephine County
Oregon,Lane County
Oregon,Lincoln County
Oregon,Linn County
Oregon,Marion County
Oregon,Multnomah County
Oregon,Polk County
Oregon,Tillamook County
Oregon,Washington County
Oregon,Yamhill County
Pennsylvania,Berks County
Pennsylvania,Carbon County
Pennsylvania,Lehigh County
Pennsylvania,Northampton County
Pennsylvania,Schuylkill County
Pennsylvania,Bedford County
Pennsylvania,Blair County
Pennsylvania,Cambria County
Pennsylvania,Centre County
Pennsylvania,Clinton County
Pennsylvania,Fulton County
Pennsylvania,Huntingdon County
Pennsylvania,Somerset County
Pennsylvania,Cameron County
Pennsylvania,Clarion County
Pennsylvania,Clearfield County
Pennsylvania,Crawford County
Pennsylvania,Elk County
Pennsylvania,Erie County
Pennsylvania,Forest County
Pennsylvania,Jefferson County
Pennsylvania,McKean County
Pennsylvania,Mercer County
Pennsylvania,Potter County
Pennsylvania,Venango County
Pennsylvania,Warren County
Pennsylvania,Armstrong County
Pennsylvania,Fayette County
Pennsylvania,Indiana County
Pennsylvania,Westmoreland County
Pennsylvania,Adams County
Pennsylvania,Columbia County
Pennsylvania,Cumberland County
Pennsylvania,Dauphin County
Pennsylvania,Franklin County
Pennsylvania,Juniata County
Pennsylvania,Lancaster County
Pennsylvania,Lebanon County
Pennsylvania,Mifflin County
Pennsylvania,Montour County
Pennsylvania,Northumberland County
Pennsylvania,Perry County
Pennsylvania,Snyder County
Pennsylvania,Union County
Pennsylvania,York County
Pennsylvania,Bucks County
Pennsylvania,Chester County
Pennsylvania,Delaware County
Pennsylvania,Montgomery County
Pennsylvania,Philadelphia County
Pennsylvania,Allegheny County
Pennsylvania,Beaver County
Pennsylvania,Butler County
Pennsylvania,Greene County
Pennsylvania,Lawrence County
Pennsylvania,Washington County
Pennsylvania,Bradford County
Pennsylvania,Lackawanna County
Pennsylvania,Luzerne County
Pennsylvania,Lycoming County
Pennsylvania,Monroe County
Pennsylvania,Pike County
Pennsylvania,Sullivan County
Pennsylvania,Susquehanna County
Pennsylvania,Tioga County
Pennsylvania,Wayne County
Pennsylvania,Wyoming County
Rhode Island,Bristol County
Rhode Island,Kent County
Rhode Island,Newport County
Rhode Island,Providence County
Rhode Island,Washington County
South Carolina,Abbeville County
South Carolina,Aiken County
South Carolina,Allendale County
South Carolina,Anderson County
South Carolina,Bamberg County
South Carolina,Barnwell County
South Carolina,Beaufort County
South Carolina,Berkeley County
South Carolina,Calhoun County
South Carolina,Charleston County
South Carolina,Cherokee County
South Carolina,Chester County
South Carolina,Chesterfield County
South Carolina,Clarendon County
South Carolina,Colleton County
South Carolina,Darlington County
South Carolina,Dillon County
South Carolina,Dorchester County
South Carolina,Edgefield County
South Carolina,Fairfield County
South Carolina,Florence County
South Carolina,Georgetown County
South Carolina,Greenville County
South Carolina,Greenwood County
South Carolina,Hampton County
South Carolina,Horry County
South Carolina,Jasper County
South Carolina,Kershaw County
South Carolina,Lancaster County
South Carolina,Laurens County
South Carolina,Lee County
South Carolina,Lexington County
South Carolina,Marion County
South Carolina,Marlboro County
South Carolina,McCormick County
South Carolina,Newberry County
South Carolina,Oconee County
South Carolina,Orangeburg County
South Carolina,Pickens County
South Carolina,Richland County
South Carolina,Saluda County
South Carolina,Spartanburg County
South Carolina,Sumter County
South Carolina,Union County
South Carolina,Williamsburg County
South Carolina,York County
South Dakota,Bennett County
South Dakota,Butte County
South Dakota,Corson County
South Dakota,Custer County
South Dakota,Dewey County
South Dakota,Fall River County
South Dakota,Gregory County
South Dakota,Haakon County
South Dakota,Harding County
South Dakota,Jackson County
South Dakota,Jones County
South Dakota,Lawrence County
South Dakota,Lyman County
South Dakota,Meade County
South Dakota,Mellette County
South Dakota,Oglala Lakota County
South Dakota,Pennington County
South Dakota,Perkins County
South Dakota,Stanley County
South Dakota,Todd County
South Dakota,Tripp County
South Dakota,Ziebach County
South Dakota,Aurora County
South Dakota,Beadle County
South Dakota,Bon Homme County
South Dakota,Brookings County
South Dakota,Brown County
South Dakota,Brule County
South Dakota,Buffalo County
South Dakota,Campbell County
South Dakota,Charles Mix County
South Dakota,Clark County
South Dakota,Clay County
South Dakota,Codington County
South Dakota,Davison County
South Dakota,Day County
South Dakota,Deuel County
South Dakota,Douglas County
South Dakota,Edmunds County
South Dakota,Faulk County
South Dakota,Grant County
South Dakota,Hamlin County
South Dakota,Hand County
South Dakota,Hanson County
South Dakota,Hughes County
South Dakota,Hutchinson County
South Dakota,Hyde County
South Dakota,Jerauld County
South Dakota,Kingsbury County
South Dakota,Lake County
South Dakota,Lincoln County
South Dakota,Marshall County
South Dakota,McCook County
South Dakota,McPherson County
South Dakota,Miner County
South Dakota,Minnehaha County
South Dakota,Moody County
South Dakota,Potter County
South Dakota,Roberts County
South Dakota,Sanborn County
South Dakota,Spink County
South Dakota,Sully County
South Dakota,Turner County
South Dakota,Union County
South Dakota,Walworth County
South Dakota,Yankton County
Tennessee,Anderson County
Tennessee,Bledsoe County
Tennessee,Blount County
Tennessee,Bradley County
Tennessee,Campbell County
Tennessee,Carter County
Tennessee,Claiborne County
Tennessee,Cocke County
Tennessee,Cumberland County
Tennessee,Fentress County
Tennessee,Grainger County
Tennessee,Greene County
Tennessee,Hamblen County
Tennessee,Hamilton County
Tennessee,Hancock County
Tennessee,Hawkins County
Tennessee,Jefferson County
Tennessee,Johnson County
Tennessee,Knox County
Tennessee,Loudon County
Tennessee,Marion County
Tennessee,McMinn County
Tennessee,Meigs County
Tennessee,Monroe County
Tennessee,Morgan County
Tennessee,Pickett County
Tennessee,Polk County
Tennessee,Rhea County
Tennessee,Roane County
Tennessee,Scott County
Tennessee,Sequatchie County
Tennessee,Sevier County
Tennessee,Sullivan County
Tennessee,Unicoi County
Tennessee,Union County
Tennessee,Washington County
Tennessee,Benton County
Tennessee,Carroll County
Tennessee,Chester County
Tennessee,Crockett County
Tennessee,Decatur County
Tennessee,Dyer County
Tennessee,Fayette County
Tennessee,Gibson County
Tennessee,Hardeman County
Tennessee,Hardin County
Tennessee,Haywood County
Tennessee,Henderson County
Tennessee,Henry County
Tennessee,Lake County
Tennessee,Lauderdale County
Tennessee,Madison County
Tennessee,McNairy County
Tennessee,Obion County
Tennessee,Shelby County
Tennessee,Tipton County
Tennessee,Weakley County
Tennessee,Bedford County
Tennessee,Cannon County
Tennessee,Cheatham County
Tennessee,Clay County
Tennessee,Coffee County
Tennessee,Davidson County
Tennessee,DeKalb County
Tennessee,Dickson County
Tennessee,Franklin County
Tennessee,Giles County
Tennessee,Grundy County
Tennessee,Hickman County
Tennessee,Houston County
Tennessee,Humphreys County
Tennessee,Jackson County
Tennessee,Lawrence County
Tennessee,Lewis County
Tennessee,Lincoln County
Tennessee,Macon County
Tennessee,Marshall County
Tennessee,Maury County
Tennessee,Montgomery County
Tennessee,Moore County
Tennessee,Overton County
Tennessee,Perry County
Tennessee,Putnam County
Tennessee,Robertson County
Tennessee,Rutherford County
Tennessee,Smith County
Tennessee,Stewart County
Tennessee,Sumner County
Tennessee,Trousdale County
Tennessee,Van Buren County
Tennessee,Warren County
Tennessee,Wayne County
Tennessee,White County
Tennessee,Williamson County
Tennessee,Wilson County
Texas,Armstrong County
Texas,Briscoe County
Texas,Carson County
Texas,Castro County
Texas,Childress County
Texas,Collingsworth County
Texas,Dallam County
Texas,Deaf Smith County
Texas,Donley County
Texas,Gray County
Texas,Hall County
Texas,Hansford County
Texas,Hartley County
Texas,Hemphill County
Texas,Hutchinson County
Texas,Lipscomb County
Texas,Moore County
Texas,Ochiltree County
Texas,Oldham County
Texas,Parmer County
Texas,Potter County
Texas,Randall County
Texas,Roberts County
Texas,Sherman County
Texas,Swisher County
Texas,Wheeler County
Texas,Bastrop County
Texas,Bell County
Texas,Blanco County
Texas,Brazos County
Texas,Burleson County
Texas,Burnet County
Texas,Caldwell County
Texas,Coryell County
Texas,Falls County
Texas,Hamilton County
Texas,Hays County
Texas,Lampasas County
Texas,Lee County
Texas,Limestone County
Texas,Llano County
Texas,Mason County
Texas,McLennan County
Texas,Milam County
Texas,Mills County
Texas,Robertson County
Texas,San Saba County
Texas,Travis County
Texas,Washington County
Texas,Williamson County
Texas,Chambers County
Texas,Hardin County
Texas,Jasper County
Texas,Jefferson County
Texas,Liberty County
Texas,Newton County
Texas,Orange County
Texas,Polk County
Texas,Tyler County
Texas,Cameron County
Texas,Hidalgo County
Texas,Starr County
Texas,Willacy County
Texas,Aransas County
Texas,Bee County
Texas,Brooks County
Texas,Duval County
Texas,Jim Wells County
Texas,Kenedy County
Texas,Kleberg County
Texas,Live Oak County
Texas,Nueces County
Texas,Refugio County
Texas,San Patricio County
Texas,Collin County
Texas,Dallas County
Texas,Ellis County
Texas,Fannin County
Texas,Grayson County
Texas,Hunt County
Texas,Kaufman County
Texas,Navarro County
Texas,Rockwall County
Texas,Brewster County
Texas,Culberson County
Texas,El Paso County
Texas,Hudspeth County
Texas,Jeff Davis County
Texas,Loving County
Texas,Presidio County
Texas,Reeves County
Texas,Ward County
Texas,Winkler County
Texas,Archer County
Texas,Baylor County
Texas,Bosque County
Texas,Clay County
Texas,Comanche County
Texas,Cooke County
Texas,Denton County
Texas,Eastland County
Texas,Erath County
Texas,Foard County
Texas,Hardeman County
Texas,Hill County
Texas,Hood County
Texas,Jack County
Texas,Johnson County
Texas,Knox County
Texas,Montague County
Texas,Palo Pinto County
Texas,Parker County
Texas,Shackelford County
Texas,Somervell County
Texas,Stephens County
Texas,Tarrant County
Texas,Throckmorton County
Texas,Wichita County
Texas,Wilbarger County
Texas,Wise County
Texas,Young County
Texas,Austin County
Texas,Brazoria County
Texas,Fort Bend County
Texas,Galveston County
Texas,Grimes County
Texas,Harris County
Texas,Montgomery County
Texas,San Jacinto County
Texas,Walker County
Texas,Waller County
Texas,Dimmit County
Texas,Jim Hogg County
Texas,La Salle County
Texas,Maverick County
Texas,Webb County
Texas,Zapata County
Texas,Zavala County
Texas,Bailey County
Texas,Borden County
Texas,Cochran County
Texas,Cottle County
Texas,Crosby County
Texas,Dawson County
Texas,Dickens County
Texas,Fisher County
Texas,Floyd County
Texas,Gaines County
Texas,Garza County
Texas,Hale County
Texas,Haskell County
Texas,Hockley County
Texas,Jones County
Texas,Kent County
Texas,King County
Texas,Lamb County
Texas,Lubbock County
Texas,Lynn County
Texas,Motley County
Texas,Scurry County
Texas,Stonewall County
Texas,Terry County
Texas,Yoakum County
Texas,Andrews County
Texas,Brown County
Texas,Callahan County
Texas,Coke County
Texas,Coleman County
Texas,Concho County
Texas,Crane County
Texas,Crockett County
Texas,Ector County
Texas,Glasscock County
Texas,Howard County
Texas,Irion County
Texas,Kimble County
Texas,Martin County
Texas,McCulloch County
Texas,Menard County
Texas,Midland County
Texas,Mitchell County
Texas,Nolan County
Texas,Pecos County
Texas,Reagan County
Texas,Runnels County
Texas,Schleicher County
Texas,Sterling County
Texas,Sutton County
Texas,Taylor County
Texas,Terrell County
Texas,Tom Green County
Texas,Upton County
Texas,Atascosa County
Texas,Bandera County
Texas,Bexar County
Texas,Comal County
Texas,Edwards County
Texas,Frio County
Texas,Gillespie County
Texas,Gonzales County
Texas,Guadalupe County
Texas,Karnes County
Texas,Kendall County
Texas,Kerr County
Texas,Kinney County
Texas,McMullen County
Texas,Medina County
Texas,Real County
Texas,Uvalde County
Texas,Val Verde County
Texas,Wilson County
Texas,Anderson County
Texas,Angelina County
Texas,Bowie County
Texas,Camp County
Texas,Cass County
Texas,Cherokee County
Texas,Delta County
Texas,Franklin County
Texas,Freestone County
Texas,Gregg County
Texas,Harrison County
Texas,Henderson County
Texas,Hopkins County
Texas,Houston County
Texas,Lamar County
Texas,Leon County
Texas,Madison County
Texas,Marion County
Texas,Morris County
Texas,Nacogdoches County
Texas,Panola County
Texas,Rains County
Texas,Red River County
Texas,Rusk County
Texas,Sabine County
Texas,San Augustine County
Texas,Shelby County
Texas,Smith County
Texas,Titus County
Texas,Trinity County
Texas,Upshur County
Texas,Van Zandt County
Texas,Wood County
Texas,Calhoun County
Texas,Colorado County
Texas,DeWitt County
Texas,Fayette County
Texas,Goliad County
Texas,Jackson County
Texas,Lavaca County
Texas,Matagorda County
Texas,Victoria County
Texas,Wharton County
Utah,Beaver County
Utah,Box Elder County
Utah,Cache County
Utah,Carbon County
Utah,Daggett County
Utah,Davis County
Utah,Duchesne County
Utah,Emery County
Utah,Garfield County
Utah,Grand County
Utah,Iron County
Utah,Juab County
Utah,Kane County
Utah,Millard County
Utah,Morgan County
Utah,Piute County
Utah,Rich County
Utah,Salt Lake County
Utah,San Juan County
Utah,Sanpete County
Utah,Sevier County
Utah,Summit County
Utah,Tooele County
Utah,Uintah County
Utah,Utah County
Utah,Wasatch County
Utah,Washington County
Utah,Wayne County
Utah,Weber County
Vermont,Addison County
Vermont,Bennington County
Vermont,Caledonia County
Vermont,Chittenden County
Vermont,Essex County
Vermont,Franklin County
Vermont,Grand Isle County
Vermont,Lamoille County
Vermont,Orange County
Vermont,Orleans County
Vermont,Rutland County
Vermont,Washington County
Vermont,Windham County
Vermont,Windsor County
Virgin Islands,St. Croix Island
Virgin Islands,St. John Island
Virgin Islands,St. Thomas Island
Virginia,Alexandria city
Virginia,Arlington County
Virginia,Clarke County
Virginia,Culpeper County
Virginia,Fairfax city
Virginia,Fairfax County
Virginia,Falls Church city
Virginia,Fauquier County
Virginia,Frederick County
Virginia,Fredericksburg city
Virginia,King George County
Virginia,Lancaster County
Virginia,Loudoun County
Virginia,Madison County
Virginia,Manassas city
Virginia,Manassas Park city
Virginia,Northumberland County
Virginia,Orange County
Virginia,Page County
Virginia,Prince William County
Virginia,Rappahannock County
Virginia,Richmond County
Virginia,Shenandoah County
Virginia,Spotsylvania County
Virginia,Stafford County
Virginia,Warren County
Virginia,Westmoreland County
Virginia,Winchester city
Virginia,Accomack County
Virginia,Albemarle County
Virginia,Alleghany County
Virginia,Amelia County
Virginia,Amherst County
Virginia,Appomattox County
Virginia,Augusta County
Virginia,Bath County
Virginia,Bedford County
Virginia,Bland County
Virginia,Botetourt County
Virginia,Bristol city
Virginia,Brunswick County
Virginia,Buchanan County
Virginia,Buckingham County
Virginia,Buena Vista city
Virginia,Campbell County
Virginia,Caroline County
Virginia,Carroll County
Virginia,Charles City County
Virginia,Charlotte County
Virginia,Charlottesville city
Virginia,Chesapeake city
Virginia,Chesterfield County
Virginia,Colonial Heights city
Virginia,Covington city
Virginia,Craig County
Virginia,Cumberland County
Virginia,Danville city
Virginia,Dickenson County
Virginia,Dinwiddie County
Virginia,Emporia city
Virginia,Essex County
Virginia,Floyd County
Virginia,Fluvanna County
Virginia,Franklin city
Virginia,Franklin County
Virginia,Galax city
Virginia,Giles County
Virginia,Gloucester County
Virginia,Goochland County
Virginia,Grayson County
Virginia,Greene County
Virginia,Greensville County
Virginia,Halifax County
Virginia,Hampton city
Virginia,Hanover County
Virginia,Harrisonburg city
Virginia,Henrico County
Virginia,Henry County
Virginia,Highland County
Virginia,Hopewell city
Virginia,Isle of Wight County
Virginia,James City County
Virginia,King and Queen County
Virginia,King William County
Virginia,Lee County
Virginia,Lexington city
Virginia,Louisa County
Virginia,Lunenburg County
Virginia,Lynchburg city
Virginia,Martinsville city
Virginia,Mathews County
Virginia,Mecklenburg County
Virginia,Middlesex County
Virginia,Montgomery County
Virginia,Nelson County
Virginia,New Kent County
Virginia,Newport News city
Virginia,Norfolk city
Virginia,Northampton County
Virginia,Norton city
Virginia,Nottoway County
Virginia,Patrick County
Virginia,Petersburg city
Virginia,Pittsylvania County
Virginia,Poquoson city
Virginia,Portsmouth city
Virginia,Powhatan County
Virginia,Prince Edward County
Virginia,Prince George County
Virginia,Pulaski County
Virginia,Radford city
Virginia,Richmond city
Virginia,Roanoke city
Virginia,Roanoke County
Virginia,Rockbridge County
Virginia,Rockingham County
Virginia,Russell County
Virginia,Salem city
Virginia,Scott County
Virginia,Smyth County
Virginia,Southampton County
Virginia,Staunton city
Virginia,Suffolk city
Virginia,Surry County
Virginia,Sussex County
Virginia,Tazewell County
Virginia,Virginia Beach city
Virginia,Washington County
Virginia,Waynesboro city
Virginia,Williamsburg city
Virginia,Wise County
Virginia,Wythe County
Virginia,York County
Washington,Clallam County
Washington,Clark County
Washington,Cowlitz County
Washington,Grays Harbor County
Washington,Island County
Washington,Jefferson County
Washington,King County
Washington,Kitsap County
Washington,Lewis County
Washington,Mason County
Washington,Pacific County
Washington,Pierce County
Washington,San Juan County
Washington,Skagit County
Washington,Skamania County
Washington,Snohomish County
Washington,Thurston County
Washington,Wahkiakum County
Washington,Whatcom County
Washington,Adams County
Washington,Asotin County
Washington,Columbia County
Washington,Ferry County
Washington,Franklin County
Washington,Garfield County
Washington,Lincoln County
Washington,Okanogan County
Washington,Pend Oreille County
Washington,Spokane County
Washington,Stevens County
Washington,Walla Walla County
Washington,Whitman County
Washington,Benton County
Washington,Chelan County
Washington,Douglas County
Washington,Grant County
Washington,Kittitas County
Washington,Klickitat County
Washington,Yakima County
West Virginia,Barbour County
West Virginia,Berkeley County
West Virginia,Boone County
West Virginia,Braxton County
West Virginia,Brooke County
West Virginia,Cabell County
West Virginia,Calhoun County
West Virginia,Clay County
West Virginia,Doddridge County
West Virginia,Fayette County
West Virginia,Gilmer County
West Virginia,Grant County
West Virginia,Greenbrier County
West Virginia,Hampshire County
West Virginia,Hancock County
West Virginia,Hardy County
West Virginia,Harrison County
West Virginia,Jackson County
West Virginia,Jefferson County
West Virginia,Kanawha County
West Virginia,Lewis County
West Virginia,Lincoln County
West Virginia,Logan County
West Virginia,Marion County
West Virginia,Marshall County
West Virginia,Mason County
West Virginia,McDowell County
West Virginia,Mercer County
West Virginia,Mineral County
West Virginia,Mingo County
West Virginia,Monongalia County
West Virginia,Monroe County
West Virginia,Morgan County
West Virginia,Nicholas County
West Virginia,Ohio County
West Virginia,Pendleton County
West Virginia,Pleasants County
West Virginia,Pocahontas County
West Virginia,Preston County
West Virginia,Putnam County
West Virginia,Raleigh County
West Virginia,Randolph County
West Virginia,Ritchie County
West Virginia,Roane County
West Virginia,Summers County
West Virginia,Taylor County
West Virginia,Tucker County
West Virginia,Tyler County
West Virginia,Upshur County
West Virginia,Wayne County
West Virginia,Webster County
West Virginia,Wetzel County
West Virginia,Wirt County
West Virginia,Wood County
West Virginia,Wyoming County
Wisconsin,Brown County
Wisconsin,Calumet County
Wisconsin,Door County
Wisconsin,Florence County
Wisconsin,Forest County
Wisconsin,Kewaunee County
Wisconsin,Langlade County
Wisconsin,Manitowoc County
Wisconsin,Marinette County
Wisconsin,Menominee County
Wisconsin,Oconto County
Wisconsin,Outagamie County
Wisconsin,Shawano County
Wisconsin,Waupaca County
Wisconsin,Waushara County
Wisconsin,Winnebago County
Wisconsin,Adams County
Wisconsin,Buffalo County
Wisconsin,Chippewa County
Wisconsin,Clark County
Wisconsin,Crawford County
Wisconsin,Dunn County
Wisconsin,Eau Claire County
Wisconsin,Jackson County
Wisconsin,Juneau County
Wisconsin,La Crosse County
Wisconsin,Marathon County
Wisconsin,Monroe County
Wisconsin,Pepin County
Wisconsin,Pierce County
Wisconsin,Portage County
Wisconsin,Richland County
Wisconsin,Trempealeau County
Wisconsin,Vernon County
Wisconsin,Wood County
Wisconsin,Columbia County
Wisconsin,Dane County
Wisconsin,Grant County
Wisconsin,Green County
Wisconsin,Green Lake County
Wisconsin,Iowa County
Wisconsin,Jefferson County
Wisconsin,Lafayette County
Wisconsin,Marquette County
Wisconsin,Rock County
Wisconsin,Sauk County
Wisconsin,Dodge County
Wisconsin,Fond du Lac County
Wisconsin,Kenosha County
Wisconsin,Milwaukee County
Wisconsin,Ozaukee County
Wisconsin,Racine County
Wisconsin,Sheboygan County
Wisconsin,Walworth County
Wisconsin,Washington County
Wisconsin,Waukesha County
Wisconsin,Ashland County
Wisconsin,Barron County
Wisconsin,Bayfield County
Wisconsin,Burnett County
Wisconsin,Douglas County
Wisconsin,Iron County
Wisconsin,Lincoln County
Wisconsin,Oneida County
Wisconsin,Polk County
Wisconsin,Price County
Wisconsin,Rusk County
Wisconsin,Sawyer County
Wisconsin,St. Croix County
Wisconsin,Taylor County
Wisconsin,Vilas County
Wisconsin,Washburn County
Wyoming,Albany County
Wyoming,Big Horn County
Wyoming,Campbell County
Wyoming,Carbon County
Wyoming,Converse County
Wyoming,Crook County
Wyoming,Fremont County
Wyoming,Goshen County
Wyoming,Hot Springs County
Wyoming,Johnson County
Wyoming,Laramie County
Wyoming,Lincoln County
Wyoming,Natrona County
Wyoming,Niobrara County
Wyoming,Park County
Wyoming,Platte County
Wyoming,Sheridan County
Wyoming,Sublette County
Wyoming,Sweetwater County
Wyoming,Teton County
Wyoming,Uinta County
Wyoming,Washakie County
Wyoming,Weston County